Item Title,Publication Title,Book Series Title,Journal Volume,Journal Issue,Item DOI,Authors,Publication Year,URL,Content Type
"Visualizations and Dashboards for Learning Analytics","Advances in Analytics for Learning and Teaching","","","","10.1007/978-3-030-81222-5","Muhittin SahinProf. Dr. Dirk Ifenthaler","2021","http://link.springer.com/book/10.1007/978-3-030-81222-5","Book"
"S3D Dashboard","","","","","10.1007/978-3-658-35147-2","Florian Weidner","2021","http://link.springer.com/book/10.1007/978-3-658-35147-2","Book"
"Connecting domain-specific features to source code: towards the automatization of dashboard generation","Cluster Computing","","23","3","10.1007/s10586-019-03012-1","Andrea Vázquez-IngelmoFrancisco José García-PeñalvoRoberto TherónDaniel Amo FilvàDavid Fonseca Escudero","2020","http://link.springer.com/article/10.1007/s10586-019-03012-1","Article"
"Addressing Fine-Grained Variability in User-Centered Software Product Lines: A Case Study on Dashboards","New Knowledge in Information Systems and Technologies","","","","10.1007/978-3-030-16181-1_80","Andrea Vázquez-IngelmoFrancisco J. García-PeñalvoRoberto Therón","2019","http://link.springer.com/chapter/10.1007/978-3-030-16181-1_80","Chapter"
"Generating Dashboards Using Fine-Grained Components: A Case Study for a PhD Programme","Learning and Collaboration Technologies. Designing, Developing and Deploying Learning Experiences","","","","10.1007/978-3-030-50513-4_23","Andrea Vázquez-IngelmoFrancisco J. García-PeñalvoRoberto Therón","2020","http://link.springer.com/chapter/10.1007/978-3-030-50513-4_23","Chapter"
"Dynamic Dashboards","The Digital Journey of Banking and Insurance, Volume II","","","","10.1007/978-3-030-78829-2_9","Volker LiermannSangmeng Li","2021","http://link.springer.com/chapter/10.1007/978-3-030-78829-2_9","Chapter"
"Reporting: Views, Charts, and Dashboards","Dynamics 365 Essentials","","","","10.1007/978-1-4842-5911-5_10","Sarah Critchley","2020","http://link.springer.com/chapter/10.1007/978-1-4842-5911-5_10","Chapter"
"Evaluating LA Dashboard in Secondary School and Higher Education: Fostering Goal Setting and Students’ Self-Regulation","Visualizations and Dashboards for Learning Analytics","","","","10.1007/978-3-030-81222-5_14","Lorenzo VigentiniBrad SwibelGarth Hasler","2021","http://link.springer.com/chapter/10.1007/978-3-030-81222-5_14","Chapter"
"Data-Driven Environmental Management: A Digital Prototype Dashboard to Analyze and Monitor the Precipitation on Susquehanna River Basin","Advances in Data Science and Information Engineering","","","","10.1007/978-3-030-71704-9_61","Siamak AramMaria H. RiveroNikesh K. PahujaRoozbeh SadeghianJoshua L. Ramirez PaulinoMichael MeyerJames Shallenberger","2021","http://link.springer.com/chapter/10.1007/978-3-030-71704-9_61","Chapter"
"A proof-of-concept framework for the preference elicitation and evaluation of health informatics technologies: the online PRESENT patient experience dashboard as a case example","BMC Medical Informatics and Decision Making","","20","1","10.1186/s12911-020-1098-z","Emmanouil MentzakisDaria TkaczCarol Rivas","2020","http://link.springer.com/article/10.1186/s12911-020-1098-z","Article"
"Assessing User-Designed Dashboards: A Case for Developing Data Visualization Competency","Information and Communication Technologies for Development. Strengthening Southern-Driven Cooperation as a Catalyst for ICT4D","","","","10.1007/978-3-030-18400-1_37","Aprisa ChrysantinaJohan Ivar Sæbø","2019","http://link.springer.com/chapter/10.1007/978-3-030-18400-1_37","Chapter"
"Design and Implementation of Dashboards to Support Teachers Decision-Making Process in e-Assessment Systems","Engineering Data-Driven Adaptive Trust-based e-Assessment Systems","","","","10.1007/978-3-030-29326-0_6","Isabel Guitart HormigoM. Elena RodríguezXavier Baró","2020","http://link.springer.com/chapter/10.1007/978-3-030-29326-0_6","Chapter"
"An Institutional Perspective on the Adoption of Open Dashboard for Health Information Systems in Tanzania","Information and Communication Technologies for Development. Strengthening Southern-Driven Cooperation as a Catalyst for ICT4D","","","","10.1007/978-3-030-18400-1_22","Wilfred F. SenyoniHonest C. KimaroJørn BraaClaud Kumalija","2019","http://link.springer.com/chapter/10.1007/978-3-030-18400-1_22","Chapter"
"Web-Based Development and Visualization Dashboards for Smart City Applications","Web Engineering","","","","10.1007/978-3-030-50578-3_23","Douglas RolimJorge SilvaThais BatistaEverton Cavalcante","2020","http://link.springer.com/chapter/10.1007/978-3-030-50578-3_23","Chapter"
"Dashboards for Computer-Supported Collaborative Learning","Machine Learning Paradigms","","","","10.1007/978-3-030-13743-4_9","Arita L. LiuJohn C. Nesbit","2020","http://link.springer.com/chapter/10.1007/978-3-030-13743-4_9","Chapter"
"Our First Web Dashboard","Project Reliability Engineering","","","","10.1007/978-1-4842-5019-8_2","Eyal Shahar","2019","http://link.springer.com/chapter/10.1007/978-1-4842-5019-8_2","Chapter"
"Software Engineering Dashboards: Types, Risks, and Future","Rethinking Productivity in Software Engineering","","","","10.1007/978-1-4842-4221-6_16","Margaret-Anne StoreyChristoph Treude","2019","http://link.springer.com/chapter/10.1007/978-1-4842-4221-6_16","Chapter"
"Complex Systems: On Design and Architecture of Adaptable Dashboards","Software Technology: Methods and Tools","","","","10.1007/978-3-030-29852-4_14","Dragos Strugar","2019","http://link.springer.com/chapter/10.1007/978-3-030-29852-4_14","Chapter"
"Building the Dashboard","Getting Started with Salesforce Einstein Analytics","","","","10.1007/978-1-4842-5200-0_6","Johan Yu","2019","http://link.springer.com/chapter/10.1007/978-1-4842-5200-0_6","Chapter"
"Implementation of IoT Platform’s Dashboards for the Visualisation of Dynamic KPIs: Insights from a Case Study","Smart and Sustainable Collaborative Networks 4.0","","","","10.1007/978-3-030-85969-5_48","Marco VenutaMichela ZambettiFabiana PirolaGiuditta PezzottaPiergiorgio GrasseniMarco FerrariStefano Salvi","2021","http://link.springer.com/chapter/10.1007/978-3-030-85969-5_48","Chapter"
"An Approach for the Automated Generation of Engaging Dashboards","On the Move to Meaningful Internet Systems: OTM 2019 Conferences","","","","10.1007/978-3-030-33246-4_24","Ünal AksuAdela del-Río-OrtegaManuel ResinasHajo A. Reijers","2019","http://link.springer.com/chapter/10.1007/978-3-030-33246-4_24","Chapter"
"Designing a Dashboard Visualization Tool for Urban Planners to Assess the Completeness of Streets","Human Interface and the Management of Information. Designing Information","","","","10.1007/978-3-030-50020-7_6","Greice C. MarianoVeda AdnaniIman KewalramaniBo WangMatthew J. RoordaJeremy BowesSara Diamond","2020","http://link.springer.com/chapter/10.1007/978-3-030-50020-7_6","Chapter"
"Designing a Privacy Dashboard for a Smart Manufacturing Environment","Digital Transformation for a Sustainable Society in the 21st Century","","","","10.1007/978-3-030-39634-3_8","Felix MannhardtManuel OliveiraSobah Abbas Petersen","2020","http://link.springer.com/chapter/10.1007/978-3-030-39634-3_8","Chapter"
"A Learning Analytics Dashboard to Analyse Learning Activities in Interpreter Training Courses","Computer Supported Education","","","","10.1007/978-3-030-21151-6_14","Davide TaibiFrancesca BianchiPhilipp KemkesIvana Marenzi","2019","http://link.springer.com/chapter/10.1007/978-3-030-21151-6_14","Chapter"
"Towards a Learning Analytics Dashboard for Collaborative Conversational Agent Activities in MOOCs","Internet of Things, Infrastructures and Mobile Applications","","","","10.1007/978-3-030-49932-7_65","Stergios TegosThrasyvoulos TsiatsosGeorgios PsathasStavros Demetriadis","2021","http://link.springer.com/chapter/10.1007/978-3-030-49932-7_65","Chapter"
"InnoMetrics Dashboard: The Design, and Implementation of the Adaptable Dashboard for Energy-Efficient Applications Using Open Source Tools","Open Source Systems","","","","10.1007/978-3-030-47240-5_16","Shokhista ErgashevaVladimir IvanovIlya KhomyakovArtem KruglovDragos StrugarGiancarlo Succi","2020","http://link.springer.com/chapter/10.1007/978-3-030-47240-5_16","Chapter"
"Effectiveness of Dashboard and Intervention Design","Visualizations and Dashboards for Learning Analytics","","","","10.1007/978-3-030-81222-5_5","Jeevan PokhrelAruna Awasthi","2021","http://link.springer.com/chapter/10.1007/978-3-030-81222-5_5","Chapter"
"Designing and Developing a Learning Analytics Dashboard to Support Self-Regulated Learning","Visualizations and Dashboards for Learning Analytics","","","","10.1007/978-3-030-81222-5_22","Mehmet UysalMehmet Barış Horzum","2021","http://link.springer.com/chapter/10.1007/978-3-030-81222-5_22","Chapter"
"A handheld classroom dashboard: Teachers’ perspectives on the use of real-time collaborative learning analytics","International Journal of Computer-Supported Collaborative Learning","","14","3","10.1007/s11412-019-09308-z","Roberto Martinez-Maldonado","2019","http://link.springer.com/article/10.1007/s11412-019-09308-z","Article"
"Understanding Pandemic Dashboard Development: A Multi-level Analysis of Success Factors","Innovation Through Information Systems","","","","10.1007/978-3-030-86790-4_22","Ludger PöhlerKevin KusFrank Teuteberg","2021","http://link.springer.com/chapter/10.1007/978-3-030-86790-4_22","Chapter"
"Discovering Generative Uncertainty in Learning Analytics Dashboards","Visualizations and Dashboards for Learning Analytics","","","","10.1007/978-3-030-81222-5_21","Ha NguyenFabio CamposJune Ahn","2021","http://link.springer.com/chapter/10.1007/978-3-030-81222-5_21","Chapter"
"Dashboard Design","Project Reliability Engineering","","","","10.1007/978-1-4842-5019-8_4","Eyal Shahar","2019","http://link.springer.com/chapter/10.1007/978-1-4842-5019-8_4","Chapter"
"Keys for successful 360° hypervideo design: A user study based on an xAPI analytics dashboard","Multimedia Tools and Applications","","79","31 - 32","10.1007/s11042-020-09059-2","Javier del MolinoToni BibiloniAntoni Oliver","2020","http://link.springer.com/article/10.1007/s11042-020-09059-2","Article"
"Web Analytics as Extension for a Learning Analytics Dashboard of a Massive Open Online Platform","Adoption of Data Analytics in Higher Education Learning and Teaching","","","","10.1007/978-3-030-47392-1_19","Philipp LeitnerKarin MaierMartin Ebner","2020","http://link.springer.com/chapter/10.1007/978-3-030-47392-1_19","Chapter"
"User-Centered Design for a Student-Facing Dashboard Grounded in Learning Theory","Visualizations and Dashboards for Learning Analytics","","","","10.1007/978-3-030-81222-5_9","Stephanie D. TeasleyMatthew KayShannon ElkinsJackson Hammond","2021","http://link.springer.com/chapter/10.1007/978-3-030-81222-5_9","Chapter"
"Metrics and Dashboard for Level 2 – Experience","Systems, Software and Services Process Improvement","","","","10.1007/978-3-030-56441-4_49","Bernhardt StegerDamjan EkertRichard MessnarzJakub StolfaSvatopluk StolfaZdenek Velart","2020","http://link.springer.com/chapter/10.1007/978-3-030-56441-4_49","Chapter"
"On the Design of a Teachers’ Dashboard: Requirements and Insights","Learning and Collaboration Technologies. Designing, Developing and Deploying Learning Experiences","","","","10.1007/978-3-030-50513-4_19","Pedro IsaiasAdriana Backx Noronha Viana","2020","http://link.springer.com/chapter/10.1007/978-3-030-50513-4_19","Chapter"
"Advanced Dashboarding Techniques","Pro Power BI Desktop","","","","10.1007/978-1-4842-5763-0_24","Adam Aspin","2020","http://link.springer.com/chapter/10.1007/978-1-4842-5763-0_24","Chapter"
"Dashboards and Visualization","BigQuery for Data Warehousing","","","","10.1007/978-1-4842-6186-6_17","Mark Mucchetti","2020","http://link.springer.com/chapter/10.1007/978-1-4842-6186-6_17","Chapter"
"Digital India eGovernance Initiative for Tribal Empowerment: Performance Dashboard of the Ministry of Tribal Affairs","Information and Communication Technology for Competitive Strategies (ICTCS 2020)","","","","10.1007/978-981-16-0882-7_92","Naval Jit KapoorAshutosh Prasad MauryaRaghu RamanKumar GovindPrema Nedungadi","2021","http://link.springer.com/chapter/10.1007/978-981-16-0882-7_92","Chapter"
"A Case Study on the Implementation of the Right of Access in Privacy Dashboards","Privacy Technologies and Policy","","","","10.1007/978-3-030-76663-4_2","Jan TolsdorfMichael FischerLuigi Lo Iacono","2021","http://link.springer.com/chapter/10.1007/978-3-030-76663-4_2","Chapter"
"The Current Landscape of Research and Practice on Visualizations and Dashboards for Learning Analytics","Visualizations and Dashboards for Learning Analytics","","","","10.1007/978-3-030-81222-5_2","Min LiuSonghee HanPeixia ShaoYing CaiZilong Pan","2021","http://link.springer.com/chapter/10.1007/978-3-030-81222-5_2","Chapter"
"Development, implementation and user experience of the Veterans Health Administration (VHA) dialysis dashboard","BMC Nephrology","","21","1","10.1186/s12882-020-01798-6","Michael J. FischerWissam M. KouranyKaren SovernKurt ForresterCassandra GriffinNancy LightnerShawn LoftusKatherine MurphyGreg RothPaul M. PalevskySusan T. Crowley","2020","http://link.springer.com/article/10.1186/s12882-020-01798-6","Article"
"Increasing Student Use of a Learner Dashboard","Journal of Science Education and Technology","","29","3","10.1007/s10956-020-09824-w","Rebecca L. SansomRobert BodilyCaroline O. BatesHeather Leary","2020","http://link.springer.com/article/10.1007/s10956-020-09824-w","Article"
"Visualization and Dashboards: Challenges and Future Directions","Visualizations and Dashboards for Learning Analytics","","","","10.1007/978-3-030-81222-5_27","Muhittin SahinDirk Ifenthaler","2021","http://link.springer.com/chapter/10.1007/978-3-030-81222-5_27","Chapter"
"Discussion: On the Potential of S3D Dashboards","S3D Dashboard","","","","10.1007/978-3-658-35147-2_10","Florian Weidner","2021","http://link.springer.com/chapter/10.1007/978-3-658-35147-2_10","Chapter"
"Development, implementation and preliminary evaluation of clinical dashboards in a department of anesthesia","Journal of Clinical Monitoring and Computing","","35","3","10.1007/s10877-020-00522-x","Géry LaurentMouhamed D. MoussaCédric CireneiBenoît TavernierRomaric MarcillyAntoine Lamer","2021","http://link.springer.com/article/10.1007/s10877-020-00522-x","Article"
"Do Teachers Find Dashboards Trustworthy, Actionable and Useful? A Vignette Study Using a Logs and Audio Dashboard","Technology, Knowledge and Learning","","","","10.1007/s10758-021-09522-5","Reet KasepaluPankaj ChejaraLuis P. PrietoTobias Ley","2021","http://link.springer.com/article/10.1007/s10758-021-09522-5","Article"
"Dashboard Literacy: Understanding Students’ Response to Learning Analytic Dashboards","Mobility, Data and Learner Agency in Networked Learning","","","","10.1007/978-3-030-36911-8_5","Liz BennettSue Folley","2020","http://link.springer.com/chapter/10.1007/978-3-030-36911-8_5","Chapter"
"Visualizations and Dashboards for Learning Analytics: A Systematic Literature Review","Visualizations and Dashboards for Learning Analytics","","","","10.1007/978-3-030-81222-5_1","Muhittin SahinProf. Dr. Dirk Ifenthaler","2021","http://link.springer.com/chapter/10.1007/978-3-030-81222-5_1","Chapter"
"Multimodal Analytics Dashboard for Story Detection and Visualization","Video Verification in the Fake News Era","","","","10.1007/978-3-030-26752-0_10","Arno ScharlAlexander Hubmann-HaidvogelMax GöbelTobi SchäferDaniel FischlLyndon Nixon","2019","http://link.springer.com/chapter/10.1007/978-3-030-26752-0_10","Chapter"
"What Do MOOC Dashboards Present to Learners?","Visualizations and Dashboards for Learning Analytics","","","","10.1007/978-3-030-81222-5_6","Wenting SunClara SchumacherLi ChenNiels Pinkwart","2021","http://link.springer.com/chapter/10.1007/978-3-030-81222-5_6","Chapter"
"Learning Analytics Dashboard Supporting Metacognition","Balancing the Tension between Digital Technologies and Learning Sciences","","","","10.1007/978-3-030-65657-7_8","Li ChenMin LuYoshiko GodaAtsushi ShimadaMasanori Yamada","2021","http://link.springer.com/chapter/10.1007/978-3-030-65657-7_8","Chapter"
"Development and implementation of a Telenephrology dashboard for active surveillance of kidney disease: a quality improvement project","BMC Nephrology","","21","1","10.1186/s12882-020-02077-0","Melissa L. SweeM. Lee SandersKantima PhisitkulGeorge BaileyAngie ThumannNikki NeuzilBharat KumarAmy M. J. O’SheaBradley S. Dixon","2020","http://link.springer.com/article/10.1186/s12882-020-02077-0","Article"
"The Impact of Personality, Attitude and Visual Decision-Making Dashboard Tools on the Learning Engagement of Economist Students","Methodologies and Intelligent Systems for Technology Enhanced Learning, 10th International Conference","","","","10.1007/978-3-030-52538-5_12","Liana StancaCristina FeleaRomeo StancaMirela Pintea","2020","http://link.springer.com/chapter/10.1007/978-3-030-52538-5_12","Chapter"
"Challenges and Future Directions for Privacy Dashboard Design of Electronic Health Systems","Innovations in Cyber Physical Systems","","","","10.1007/978-981-16-4149-7_15","Param BataviaPurnima AhiraoDeepti Patole","2021","http://link.springer.com/chapter/10.1007/978-981-16-4149-7_15","Chapter"
"Stereoscopic 3D dashboards","Personal and Ubiquitous Computing","","","","10.1007/s00779-020-01438-8","Florian WeidnerWolfgang Broll","2020","http://link.springer.com/article/10.1007/s00779-020-01438-8","Article"
"What information should CSCL teacher dashboards provide to help teachers interpret CSCL situations?","International Journal of Computer-Supported Collaborative Learning","","14","3","10.1007/s11412-019-09299-x","Anouschka van LeeuwenNikol RummelTamara van Gog","2019","http://link.springer.com/article/10.1007/s11412-019-09299-x","Article"
"User-Experience in Business Intelligence - A Quality Construct and Model to Design Supportive BI Dashboards","Research Challenges in Information Science","","","","10.1007/978-3-030-50316-1_11","Corentin BurnaySarah BouragaStéphane FaulknerIvan Jureta","2020","http://link.springer.com/chapter/10.1007/978-3-030-50316-1_11","Chapter"
"Building a Real-Time Dashboard","Practical Highcharts with Angular","","","","10.1007/978-1-4842-5744-9_7","Sourabh Mishra","2020","http://link.springer.com/chapter/10.1007/978-1-4842-5744-9_7","Chapter"
"Design of a clinician dashboard to facilitate co-decision making in the management of non-specific low back pain","Journal of Intelligent Information Systems","","52","2","10.1007/s10844-018-0539-y","Kerstin BachCindy MarlingPaul Jarle MorkAgnar AamodtFrances S. MairBarbara I. Nicholl","2019","http://link.springer.com/article/10.1007/s10844-018-0539-y","Article"
"Expectations from a Process Mining Dashboard in Operating Rooms with Analytic Hierarchy Process","Business Process Management Workshops","","","","10.1007/978-3-030-11641-5_12","Antonio Martinez-MillanaAroa LizondoRoberto GattaVicente TraverCarlos Fernandez-Llatas","2019","http://link.springer.com/chapter/10.1007/978-3-030-11641-5_12","Chapter"
"Container Reporting & Dashboards","Monitoring Microservices and Containerized Applications","","","","10.1007/978-1-4842-6216-0_6","Navin SabharwalPiyush Pandey","2020","http://link.springer.com/chapter/10.1007/978-1-4842-6216-0_6","Chapter"
"Knowledge Managers and Dashboards in Splunk","Splunk Certified Study Guide","","","","10.1007/978-1-4842-6669-4_6","Deep Mehta","2021","http://link.springer.com/chapter/10.1007/978-1-4842-6669-4_6","Chapter"
"Factors that affect the success of learning analytics dashboards","Educational Technology Research and Development","","67","6","10.1007/s11423-019-09693-0","Yeonjeong ParkIl-Hyun Jo","2019","http://link.springer.com/article/10.1007/s11423-019-09693-0","Article"
"Exploring Large Stereoscopic 3D Dashboards for Future Automotive User Interfaces","Advances in Human Aspects of Transportation","","","","10.1007/978-3-319-93885-1_45","Florian WeidnerWolfgang Broll","2019","http://link.springer.com/chapter/10.1007/978-3-319-93885-1_45","Chapter"
"Applying population health approaches to improve safe anticoagulant use in the outpatient setting: the DOAC Dashboard multi-cohort implementation evaluation study protocol","Implementation Science","","15","1","10.1186/s13012-020-01044-5","Geoffrey D. BarnesEmily SippolaMichael DorschJoshua ErricksonMichael LanhamArthur AllenPatrick SpoutzAnne E. SalesJeremy Sussman","2020","http://link.springer.com/article/10.1186/s13012-020-01044-5","Article"
"Development and usability of a feedback tool, “My Personal Brain Health Dashboard”, to improve setting of self-management goals among people living with HIV in Canada","Quality of Life Research","","30","11","10.1007/s11136-020-02555-w","Maryam MozafariniaFateme RajabiyazdiMarie-Josee BrouilletteLesley K. FellowsNancy E. Mayo","2021","http://link.springer.com/article/10.1007/s11136-020-02555-w","Article"
"Improving Health Care Management in Hospitals Through a Productivity Dashboard","Journal of Medical Systems","","44","4","10.1007/s10916-020-01546-1","Miguel PestanaRuben PereiraSérgio Moro","2020","http://link.springer.com/article/10.1007/s10916-020-01546-1","Article"
"AttentionBoard: A Quantified-Self Dashboard for Enhancing Attention Management with Eye-Tracking","Information Systems and Neuroscience","","","","10.1007/978-3-030-60073-0_31","Moritz LangnerPeyman ToreiniAlexander Maedche","2020","http://link.springer.com/chapter/10.1007/978-3-030-60073-0_31","Chapter"
"Thermal Management Improvement  with Composite Materials in the Dashboard","ATZ worldwide","","121","9","10.1007/s38311-019-0101-8","Paul BeckerAndreas Büter","2019","http://link.springer.com/article/10.1007/s38311-019-0101-8","Article"
"Information Systems in the COVID-19 Pandemic: An Analysis of Infection Dashboards and Their State-Tracking Abilities","Digital Responses to Covid-19","","","","10.1007/978-3-030-66611-8_2","Fritz Hädrich","2021","http://link.springer.com/chapter/10.1007/978-3-030-66611-8_2","Chapter"
"Preliminary Analysis of the Behavioural Intention to Use a Risk Analysis Dashboard Through the Technology Acceptance Model","Product Lifecycle Management Enabling Smart X","","","","10.1007/978-3-030-62807-9_39","Jean-Marc VasnierNicolas MaranzanaNorlaily YaacobMourad MessaadiaAmeziane Aoussat","2020","http://link.springer.com/chapter/10.1007/978-3-030-62807-9_39","Chapter"
"Data Visualization of Supplier Selection Using Business Intelligence Dashboard","Advances in Visual Informatics","","","","10.1007/978-3-030-34032-2_7","Nik Nur Ayuni Nik AlwiNoor Hafizah HassanAhmad Fazreen BaharudenNur Azaliah Abu BakarNurazean Maarop","2019","http://link.springer.com/chapter/10.1007/978-3-030-34032-2_7","Chapter"
"Representation and Visualization of Students’ Progress Data Through Learning Dashboard","Advances in Computing and Data Sciences","","","","10.1007/978-3-030-88244-0_13","Anagha VaidyaSarika Sharma","2021","http://link.springer.com/chapter/10.1007/978-3-030-88244-0_13","Chapter"
"For Learners, with Learners: Identifying Indicators for an Academic Advising Dashboard for Students","Addressing Global Challenges and Quality Education","","","","10.1007/978-3-030-57717-9_9","Isabel HilligerTinne De LaetValeria HenríquezJulio GuerraMargarita Ortiz-RojasMiguel Ángel ZuñigaJorge BaierMar Pérez-Sanagustín","2020","http://link.springer.com/chapter/10.1007/978-3-030-57717-9_9","Chapter"
"Enhancing Dashboards","Pro Power BI Desktop","","","","10.1007/978-1-4842-5763-0_23","Adam Aspin","2020","http://link.springer.com/chapter/10.1007/978-1-4842-5763-0_23","Chapter"
"Exploring the Dashboard","Getting Started with Salesforce Einstein Analytics","","","","10.1007/978-1-4842-5200-0_7","Johan Yu","2019","http://link.springer.com/chapter/10.1007/978-1-4842-5200-0_7","Chapter"
"A Multi-perspective Narrative-Based Geovisualization Dashboard for the 2020 US Presidential Election","Journal of Geovisualization and Spatial Analysis","","5","2","10.1007/s41651-021-00087-6","Jinmeng RaoKexin ChenEllie Fan YangJacob KruseKyler HudsonSong Gao","2021","http://link.springer.com/article/10.1007/s41651-021-00087-6","Article"
"Designing Data Visualization Dashboards to Support the Prediction of Congenital Anomalies","Human Interface and the Management of Information. Information Presentation and Visualization","","","","10.1007/978-3-030-78321-1_12","Tatiana Aparecida de AlmeidaFerrucio de Franco RosaRodrigo Bonacin","2021","http://link.springer.com/chapter/10.1007/978-3-030-78321-1_12","Chapter"
"Dashboards","Mastering Social Media Analytics","","","","10.1007/978-1-4842-4275-9_5","Alex Gonçalves","2019","http://link.springer.com/video/segment/10.1007/978-1-4842-4275-9_5","Video/Segment"
"Admin Dashboard","Practical Bootstrap","","","","10.1007/978-1-4842-6071-5_7","Panos Matsinopoulos","2020","http://link.springer.com/chapter/10.1007/978-1-4842-6071-5_7","Chapter"
"Research on Optimization of Information Coding for Car Dashboard Based on Eye Movement Analysis","Advances in Ergonomics in Design","","","","10.1007/978-3-030-20227-9_12","Guilei SunQin LiYanhua MengLinghua Ran","2020","http://link.springer.com/chapter/10.1007/978-3-030-20227-9_12","Chapter"
"Usability Analysis of Warning Icons in Passenger Car Dashboards in India Using Modified System Usability Scale (SUS)","Design for Tomorrow—Volume 1","","","","10.1007/978-981-16-0041-8_30","Sourav BhattacharyaDhananjay Singh Bisht","2021","http://link.springer.com/chapter/10.1007/978-981-16-0041-8_30","Chapter"
"User-Centred Guidelines for the Design of Curriculum Analytics Dashboards","Visualizations and Dashboards for Learning Analytics","","","","10.1007/978-3-030-81222-5_23","Ed de QuinceyMartyn Parker","2021","http://link.springer.com/chapter/10.1007/978-3-030-81222-5_23","Chapter"
"Company Privacy Dashboards: Employee Needs and Requirements","HCI for Cybersecurity, Privacy and Trust","","","","10.1007/978-3-030-22351-9_29","Svenja PolstPatricia KelbertDenis Feth","2019","http://link.springer.com/chapter/10.1007/978-3-030-22351-9_29","Chapter"
"Creation of a chemotherapy-induced nausea/vomiting dashboard to improve outcomes for pediatric cancer patients","Supportive Care in Cancer","","29","3","10.1007/s00520-020-05652-1","Alexandra M. WalshJennifer HessMelissa ReesCynthia WetmoreVinay Vadiya","2021","http://link.springer.com/article/10.1007/s00520-020-05652-1","Article"
"The Canadian Cultural Diversity Dashboard: Data Storytelling and Visualization for the Cultural Sector","Design, User Experience, and Usability:  UX Research and Design","","","","10.1007/978-3-030-78221-4_25","Sara DiamondRittika BasuShunrong CaoAjaz Hussain","2021","http://link.springer.com/chapter/10.1007/978-3-030-78221-4_25","Chapter"
"GKE Dashboarding Using Stackdriver (Google Operations) and Grafana","Pro Google Kubernetes Engine","","","","10.1007/978-1-4842-6243-6_7","Navin SabharwalPiyush Pandey","2020","http://link.springer.com/chapter/10.1007/978-1-4842-6243-6_7","Chapter"
"Usability evaluation of an open-source environmental monitoring data dashboard for archivists","Archival Science","","20","4","10.1007/s10502-020-09340-1","Monica G. MaceliKerry Yu","2020","http://link.springer.com/article/10.1007/s10502-020-09340-1","Article"
"Teachers’ Perspectives on the Promises, Needs and Challenges of Learning Analytics Dashboards: Insights from Institutions Offering Blended and Distance Learning","Visualizations and Dashboards for Learning Analytics","","","","10.1007/978-3-030-81222-5_16","Rogers KaliisaAnna GillespieChristothea HerodotouAnders KlugeBart Rienties","2021","http://link.springer.com/chapter/10.1007/978-3-030-81222-5_16","Chapter"
"Learning Analytics Dashboards in Educational Games","Visualizations and Dashboards for Learning Analytics","","","","10.1007/978-3-030-81222-5_24","Seyedahmad RahimiValerie Shute","2021","http://link.springer.com/chapter/10.1007/978-3-030-81222-5_24","Chapter"
"Digidhan Dashboard—Monitoring and Analysis of Digital Payments","ICT Systems and Sustainability","","","","10.1007/978-981-15-0936-0_8","Deepak Chandra MisraInder Pal Singh SethiOm Pradyumana GuptaMisha KapoorRitesh Kumar Dwivedi","2020","http://link.springer.com/chapter/10.1007/978-981-15-0936-0_8","Chapter"
"Reproducible Academic Writing and Interactive Data Visualization Using R Markdown (R Programming Flex-Dashboard: Flex_Dashboard Packages)","Rising Threats in Expert Applications and Solutions","","","","10.1007/978-981-15-6014-9_73","Yagyanath Rimal","2021","http://link.springer.com/chapter/10.1007/978-981-15-6014-9_73","Chapter"
"Learning Analytics Dashboard Use in Online Courses: Why and How Instructors Interpret Discussion Data","Visualizations and Dashboards for Learning Analytics","","","","10.1007/978-3-030-81222-5_17","Gokce AkcayirLeticia Farias WanderleyCarrie Demmans EppJim HewittAthar Mahmoudi-Nejad","2021","http://link.springer.com/chapter/10.1007/978-3-030-81222-5_17","Chapter"
"Understanding the utilisation of a novel interactive electronic medication safety dashboard in general practice: a mixed methods study","BMC Medical Informatics and Decision Making","","20","1","10.1186/s12911-020-1084-5","Mark JeffriesWouter T. GudeRichard N. KeersDenham L. PhippsRichard WilliamsEvangelos KontopantelisBenjamin BrownAnthony J. AveryNiels PeekDarren M. Ashcroft","2020","http://link.springer.com/article/10.1186/s12911-020-1084-5","Article"
"Node-Red Programming and Page GUI Builder for Industry 4.0 Dashboard Design","Role of Single Board Computers (SBCs) in rapid IoT Prototyping","","","","10.1007/978-3-030-72957-8_6","G. R. Kanagachidambaresan","2021","http://link.springer.com/chapter/10.1007/978-3-030-72957-8_6","Chapter"
"Create Dashboards and Data Story with the Data & Analytics Frameworks","Metadata and Semantic Research","","","","10.1007/978-3-030-36599-8_24","Petito MicheleFrancesca FallucchiErnesto William De Luca","2019","http://link.springer.com/chapter/10.1007/978-3-030-36599-8_24","Chapter"
"Developing a Scalable Platform and Analytics Dashboard for Manual Physical Therapy Practices Using Pressure Sensing Fabric","Advances in Software Engineering, Education, and e-Learning","","","","10.1007/978-3-030-70873-3_19","Tyler V. RimaldiDaniel R. GrossmannDonald R. Schwartz","2021","http://link.springer.com/chapter/10.1007/978-3-030-70873-3_19","Chapter"
"Environmental Monitoring of Archival Collections: An Exploratory Study of Professionals’ Data Monitoring Dashboard Needs and Related Challenges","Information in Contemporary Society","","","","10.1007/978-3-030-15742-5_73","Monica MaceliElena VillaespesaSarah Ann Adams","2019","http://link.springer.com/chapter/10.1007/978-3-030-15742-5_73","Chapter"
"Executive Dashboard","Cloud Computing Using Oracle Application Express","","","","10.1007/978-1-4842-4243-8_29","Riaz Ahmed","2019","http://link.springer.com/chapter/10.1007/978-1-4842-4243-8_29","Chapter"
"Connecting a teacher dashboard to a student digital collaborative environment: supporting teacher enactment of problem-based mathematics curriculum","ZDM – Mathematics Education","","53","6","10.1007/s11858-021-01310-w","Alden J. EdsonElizabeth Difanis Phillips","2021","http://link.springer.com/article/10.1007/s11858-021-01310-w","Article"
"A Study for Evaluations of Automobile Digital Dashboard Layouts Based on Cognition Electroencephalogram","Cross-Cultural Design. Applications in Cultural Heritage, Tourism, Autonomous Vehicles, and Intelligent Agents","","","","10.1007/978-3-030-77080-8_23","Hao YangJitao ZhangRuoyu Jia","2021","http://link.springer.com/chapter/10.1007/978-3-030-77080-8_23","Chapter"
"Predict or describe? How learning analytics dashboard design influences motivation and statistics anxiety in an online statistics course","Educational Technology Research and Development","","69","3","10.1007/s11423-021-09998-z","Natercia VallePavlo AntonenkoDenis ValleMax SommerAnne Corinne Huggins-ManleyKara DawsonDongho KimBenjamin Baiser","2021","http://link.springer.com/article/10.1007/s11423-021-09998-z","Article"
"eRegCom—Quality Improvement Dashboard for healthcare providers and Targeted Client Communication to pregnant women using data from an electronic health registry to improve attendance and quality of antenatal care: study protocol for a multi-arm cluster randomized trial","Trials","","22","1","10.1186/s13063-020-04980-1","Kjersti MørkridBinyam BogaleEatimad AbbasKhadija Abu KhaderItimad Abu WardAmjad AttalhTamara AwwadMohammad BaniodeKimberly Suzanne FrostMichael James FrostButhaina GhanemTaghreed HijazMervett IsbeihSally IssawiZaher A. S. NazzalBrian O’Donnell","2021","http://link.springer.com/article/10.1186/s13063-020-04980-1","Article"
"Exploring critical factors of the perceived usefulness of a learning analytics dashboard for distance university students","International Journal of Educational Technology in Higher Education","","18","1","10.1186/s41239-021-00284-9","Irina RetsChristothea HerodotouVaclav BayerMartin HlostaBart Rienties","2021","http://link.springer.com/article/10.1186/s41239-021-00284-9","Article"
"Visualization of Learning for Students: A Dashboard for Study Progress – Development, Design Details, Implementation, and User Feedback","Visualizations and Dashboards for Learning Analytics","","","","10.1007/978-3-030-81222-5_19","Philipp LeitnerMartin EbnerHanna GeisswinklerSandra Schön","2021","http://link.springer.com/chapter/10.1007/978-3-030-81222-5_19","Chapter"
"A Dashboard for Security Forces Data Visualization and Storytelling","Information Systems for Industry 4.0","","","","10.1007/978-3-030-14850-8_4","Miguel de Castro NetoMarcel NascimentoPedro SarmentoSara RibeiroTeresa RodriguesMarco Painho","2019","http://link.springer.com/chapter/10.1007/978-3-030-14850-8_4","Chapter"
"Die Kraft effektiver Daten-Visualisierung – CLEAR(I): Ein Leitfaden zur wirkungsvollen Dashboard-Gestaltung","Data-driven Marketing","","","","10.1007/978-3-658-29995-8_3","Luise JacobsSusanne Hensel-Börner","2020","http://link.springer.com/chapter/10.1007/978-3-658-29995-8_3","Chapter"
"Aggregation of Developed Indicants to MEXC Dashboard","An Investor’s Perspective on Marketing Excellence","","","","10.1007/978-3-658-24704-1_5","Dominik Kemsa","2019","http://link.springer.com/chapter/10.1007/978-3-658-24704-1_5","Chapter"
"Recommending Insightful Drill-Downs Based on Learning Processes for Learning Analytics Dashboards","Artificial Intelligence in Education","","","","10.1007/978-3-030-52237-7_39","Shiva ShabaninejadHassan KhosraviSander J. J. LeemansShazia SadiqMarta Indulska","2020","http://link.springer.com/chapter/10.1007/978-3-030-52237-7_39","Chapter"
"Students’ Emotional Reactions to Social Comparison via a Learner Dashboard","Visualizations and Dashboards for Learning Analytics","","","","10.1007/978-3-030-81222-5_11","Liz BennettSue Folley","2021","http://link.springer.com/chapter/10.1007/978-3-030-81222-5_11","Chapter"
"The use of learning dashboards to support complex in-class pedagogical scenarios in medical training: how do they influence students’ cognitive engagement?","Research and Practice in Technology Enhanced Learning","","15","1","10.1186/s41039-020-00135-7","Bas de LengFriedrich Pawelka","2020","http://link.springer.com/article/10.1186/s41039-020-00135-7","Article"
"Dashboard, Target, and Engagement Tools","A Complete Guide to Burp Suite","","","","10.1007/978-1-4842-6402-7_4","Sagar Rahalkar","2021","http://link.springer.com/chapter/10.1007/978-1-4842-6402-7_4","Chapter"
"Navigational Behavior Patterns of Learners on Dashboards Based on Assessment Analytics","Visualizations and Dashboards for Learning Analytics","","","","10.1007/978-3-030-81222-5_12","Fatma BayrakFurkan AydınHalil Yurdugül","2021","http://link.springer.com/chapter/10.1007/978-3-030-81222-5_12","Chapter"
"Design Principles in the Development of Dashboards for Business Management","Perspectives on Design II","","","","10.1007/978-3-030-79879-6_26","Nuno MartinsSusana MartinsDaniel Brandão","2022","http://link.springer.com/chapter/10.1007/978-3-030-79879-6_26","Chapter"
"Learning and Gamification Dashboards: A Mixed-Method Study with Teachers","Intelligent Tutoring Systems","","","","10.1007/978-3-030-80421-3_45","Kamilla TenórioBruno LemosPedro NascimentoRodrigo SantosAlexandre MachadoDiego DermevalRanilson PaivaSeiji Isotani","2021","http://link.springer.com/chapter/10.1007/978-3-030-80421-3_45","Chapter"
"A Dashboard for the Unexpected: Open Data for Real-Time Disaster Response","Open Cities | Open Data","","","","10.1007/978-981-13-6605-5_12","Ian TilleyChristopher Pettit","2020","http://link.springer.com/chapter/10.1007/978-981-13-6605-5_12","Chapter"
"Visual Analysis of Ontology Matching Results with the MELT Dashboard","The Semantic Web: ESWC 2020 Satellite Events","","","","10.1007/978-3-030-62327-2_32","Jan PortischSven HertlingHeiko Paulheim","2020","http://link.springer.com/chapter/10.1007/978-3-030-62327-2_32","Chapter"
"Developing a Hospital Quality Metrics System and Dashboard","Quality Measures","","","","10.1007/978-3-030-37145-6_8","Alexander PavollCatherine Feleppa CamengaSaul N. Weingart","2020","http://link.springer.com/chapter/10.1007/978-3-030-37145-6_8","Chapter"
"Interactive Displays, Use of Interactive Charts and Dashboards in Education","Encyclopedia of Education and Information Technologies","","","","10.1007/978-3-030-10576-1_228","Djordje M. Kadijevich","2020","http://link.springer.com/referenceworkentry/10.1007/978-3-030-10576-1_228","ReferenceWorkEntry"
"Interactive Displays, Use of Interactive Charts and Dashboards in Education","Encyclopedia of Education and Information Technologies","","","","10.1007/978-3-319-60013-0_228-1","Djordje M. Kadijevich","2019","http://link.springer.com/referenceworkentry/10.1007/978-3-319-60013-0_228-1","ReferenceWorkEntry"
"Drill-Down Dashboard for Chairing of Online Master Programs in Engineering","Technology and Innovation in Learning, Teaching and Education","","","","10.1007/978-3-030-73988-1_15","Anabela Costa e SilvaLeonel MorgadoAntónio Coelho","2021","http://link.springer.com/chapter/10.1007/978-3-030-73988-1_15","Chapter"
"Bridging the Gap: Creating a Clinician-Facing Dashboard for PTSD","Human-Computer Interaction – INTERACT 2019","","","","10.1007/978-3-030-29381-9_14","Elaine SchertzHue WatsonAshok KrishnaAndrew SherrillHayley EvansRosa I. Arriaga","2019","http://link.springer.com/chapter/10.1007/978-3-030-29381-9_14","Chapter"
"Shiny Dashboard Sampler","Advanced R 4 Data Programming and the Cloud","","","","10.1007/978-1-4842-5973-3_14","Matt WileyJoshua F. Wiley","2020","http://link.springer.com/chapter/10.1007/978-1-4842-5973-3_14","Chapter"
"How far are the metropolitan areas in Brazil from achieving the sustainable development goals? An analysis based on SDG dashboards","SN Social Sciences","","1","5","10.1007/s43545-021-00131-8","Fernanda Silva MartinelliAndré Lindner","2021","http://link.springer.com/article/10.1007/s43545-021-00131-8","Article"
"A Web-based Dose-volume Histogram Dashboard for Library-based Individualized Dose-constraints and Clinical Plan Evaluation","Journal of Medical Systems","","45","6","10.1007/s10916-021-01740-9","Indranil MallickSaheli SahaMoses A Arunsingh","2021","http://link.springer.com/article/10.1007/s10916-021-01740-9","Article"
"Web-Based Executive Dashboard Reports for Public Works Clients in Construction Industry","New Knowledge in Information Systems and Technologies","","","","10.1007/978-3-030-16184-2_28","Alvansazyazdi MohammadfaridNelson Esteban Salgado ReyesAmir Hossein BorgheiAlejandro Miguel Camino SolórzanoMaria Susana Guzmán RodríguezMario Augusto Rivera Valenzuela","2019","http://link.springer.com/chapter/10.1007/978-3-030-16184-2_28","Chapter"
"Affective Teacher Tools: Affective Class Report Card and Dashboard","Artificial Intelligence in Education","","","","10.1007/978-3-030-78292-4_15","Ankit GuptaNeeraj MenonWilliam LeeWilliam RebelskyDanielle AllesioTom MurrayBeverly WoolfJacob WhitehillIvon Arroyo","2021","http://link.springer.com/chapter/10.1007/978-3-030-78292-4_15","Chapter"
"Distraction-Free Car Dashboard Control Through Gesture Recognition","Applications of Computing, Automation and Wireless Systems in Electrical Engineering","","","","10.1007/978-981-13-6772-4_79","Aneesh D. JoshiChinmayee D. JoshiAbhishek M. KarambelkarS. B. Somani","2019","http://link.springer.com/chapter/10.1007/978-981-13-6772-4_79","Chapter"
"Managing Human (Social) Capital in Medium to Large Companies Using Organizational Network Analysis: Monoplex Network Approach with the Application of Highly Interactive Visual Dashboards","International Conference on Innovative Computing and Communications","","","","10.1007/978-981-15-5148-2_81","Srečko ZajecLeo MrsicRobert Kopal","2021","http://link.springer.com/chapter/10.1007/978-981-15-5148-2_81","Chapter"
"Publishing Reports and Creating Dashboards in the Power BI Portal","Beginning Microsoft Power BI","","","","10.1007/978-1-4842-5620-6_9","Dan Clark","2020","http://link.springer.com/chapter/10.1007/978-1-4842-5620-6_9","Chapter"
"Use of an electronic medical record dashboard to identify gaps in osteoporosis care","Archives of Osteoporosis","","16","1","10.1007/s11657-021-00919-4","A. PapaioannouE. McCloskeyA. BellD. NguiU. MehanM. TanL. GoldinA. Langer","2021","http://link.springer.com/article/10.1007/s11657-021-00919-4","Article"
"Clinician dashboard views and improvement in preventative health outcome measures: a retrospective analysis","BMC Health Services Research","","19","1","10.1186/s12913-019-4327-3","Patrick A. TwohigJaclyn R. RivingtonDouglas GunzlerJoseph DapranoDavid Margolius","2019","http://link.springer.com/article/10.1186/s12913-019-4327-3","Article"
"Learning Analytics Dashboard for Motivation and Performance","Intelligent Tutoring Systems","","","","10.1007/978-3-030-49663-0_51","Damien S. FleurWouter van den BosBert Bredeweg","2020","http://link.springer.com/chapter/10.1007/978-3-030-49663-0_51","Chapter"
"Process based quality improvement using a continuous renal replacement therapy dashboard","BMC Nephrology","","20","1","10.1186/s12882-018-1195-8","Theresa A. MottesStuart L. GoldsteinRajit K. Basu","2019","http://link.springer.com/article/10.1186/s12882-018-1195-8","Article"
"Adaptive network diagram constructions for representing big data event streams on monitoring dashboards","Journal of Big Data","","6","1","10.1186/s40537-019-0187-2","Alexander V. MantzarisThomas G. WalkerCameron E. TaylorDustin Ehling","2019","http://link.springer.com/article/10.1186/s40537-019-0187-2","Article"
"Supporting classroom orchestration with real-time feedback: A role for teacher dashboards and real-time agents","International Journal of Computer-Supported Collaborative Learning","","14","3","10.1007/s11412-019-09306-1","Mike TissenbaumJim Slotta","2019","http://link.springer.com/article/10.1007/s11412-019-09306-1","Article"
"Mapping Climate Vulnerability with Open Data: A Dashboard for Place-Based Action","Open Cities | Open Data","","","","10.1007/978-981-13-6605-5_7","Scott HawkenKomali YennetiCarole Bodilis","2020","http://link.springer.com/chapter/10.1007/978-981-13-6605-5_7","Chapter"
"Dashboard","An Environmental Life Cycle Approach to Design","","","","10.1007/978-3-030-63802-3_8","John Cays","2021","http://link.springer.com/chapter/10.1007/978-3-030-63802-3_8","Chapter"
"Remote Design of a Pediatric Intensive Care Unit Dashboard in Time of Pandemics","Proceedings of the 21st Congress of the International Ergonomics Association (IEA 2021)","","","","10.1007/978-3-030-74611-7_45","Maxence Hébert-LavoieKarine UngLise BoudreaultCélia MahmoudiQuynh VuPhilippe JouvetPhilippe Doyon-Poulin","2021","http://link.springer.com/chapter/10.1007/978-3-030-74611-7_45","Chapter"
"Designing a Real-Time Integrated First Responder Health and Environmental Monitoring Dashboard","Designing for Digital Transformation. Co-Creating Services with Citizens and Industry","","","","10.1007/978-3-030-64823-7_3","Ann FruhlingMargeret HallSharon MedcalfAaron Yoder","2020","http://link.springer.com/chapter/10.1007/978-3-030-64823-7_3","Chapter"
"Powerful Student-Facing Dashboard Design Through Effective Feedback, Visualization, and Gamification","Visualizations and Dashboards for Learning Analytics","","","","10.1007/978-3-030-81222-5_7","Fatma BayrakPınar Nuhoğlu KibarSelay Arkün Kocadere","2021","http://link.springer.com/chapter/10.1007/978-3-030-81222-5_7","Chapter"
"Microservice-Based Architecture for the Integration of Data Backends and Dashboard Applications in the Energy and Environment Domains","Advances and New Trends in Environmental Informatics","","","","10.1007/978-3-030-88063-7_3","Jannik SidlerEric BraunChristian SchmittThorsten SchlachterVeit Hagenmeyer","2022","http://link.springer.com/chapter/10.1007/978-3-030-88063-7_3","Chapter"
"Human-Centered Design of a Dashboard on Students’ Revisions During Writing","Addressing Global Challenges and Quality Education","","","","10.1007/978-3-030-57717-9_3","Rianne ConijnLuuk Van WaesMenno van Zaanen","2020","http://link.springer.com/chapter/10.1007/978-3-030-57717-9_3","Chapter"
"Using dashboards and data visualizations in teaching accounting","Education and Information Technologies","","26","5","10.1007/s10639-021-10525-z","Maria Prokofieva","2021","http://link.springer.com/article/10.1007/s10639-021-10525-z","Article"
"Explainable Needn’t Be (Much) Less Accurate: Evaluating an Explainable AI Dashboard for Energy Forecasting","Artificial Intelligence Applications and Innovations. AIAI 2021 IFIP WG 12.5 International Workshops","","","","10.1007/978-3-030-79157-5_28","Ana GrimaldoJasminko Novak","2021","http://link.springer.com/chapter/10.1007/978-3-030-79157-5_28","Chapter"
"Designing the Learning Analytics Cockpit - A Dashboard that Enables Interventions","Methodologies and Intelligent Systems for Technology Enhanced Learning, 11th International Conference","","","","10.1007/978-3-030-86618-1_10","Onur KarademirAtezaz AhmadJan SchneiderDaniele Di MitriIoana JivetHendrik Drachsler","2022","http://link.springer.com/chapter/10.1007/978-3-030-86618-1_10","Chapter"
"Student Engagement Awareness Dashboard for Asynchronous E-learning Environment","ICT Systems and Sustainability","","","","10.1007/978-981-16-5987-4_74","Abdalganiy KebedeSamit Bhattacharya","2022","http://link.springer.com/chapter/10.1007/978-981-16-5987-4_74","Chapter"
"Proposal of a Bootcamp’s User Activity Dashboard Based on MAS","Agents and Multi-Agent Systems: Technologies and Applications 2018","","","","10.1007/978-3-319-92031-3_22","Lenin G. Lemus-ZúñigaValeria Alexandra Haro ValleJosé-V. Benlloch-DualdeEdgar Lorenzo-SáezMiguel A. Mateo PlaJorge Maldonado-Mahauad","2019","http://link.springer.com/chapter/10.1007/978-3-319-92031-3_22","Chapter"
"Remote Usability Testing of a Pediatric Trauma Dashboard","Proceedings of the 21st Congress of the International Ergonomics Association (IEA 2021)","","","","10.1007/978-3-030-74611-7_37","Sarah M. CoppolaAyse P. Gurses","2021","http://link.springer.com/chapter/10.1007/978-3-030-74611-7_37","Chapter"
"Design and Implementation of Business Intelligence Dashboard for Project Control at the Port Harbor-Company","Intelligent Information and Database Systems","","","","10.1007/978-981-15-3380-8_9","Ford Lumban GaolArsyan SyahirTokuro Matsuo","2020","http://link.springer.com/chapter/10.1007/978-981-15-3380-8_9","Chapter"
"Towards fine-grained reading dashboards for online course revision","Educational Technology Research and Development","","68","6","10.1007/s11423-020-09814-0","Madjid SadallahBenoît EncelleAzze-Eddine MaredjYannick Prié","2020","http://link.springer.com/article/10.1007/s11423-020-09814-0","Article"
"Visualizing Studying Activities for a Learning Dashboard Supporting Meta-cognition for Students","Distributed, Ambient and Pervasive Interactions","","","","10.1007/978-3-030-50344-4_41","Min LuLi ChenYoshiko GodaAtsushi ShimadaMasanori Yamada","2020","http://link.springer.com/chapter/10.1007/978-3-030-50344-4_41","Chapter"
"Development and Evaluation of a Student-Facing Gamified Learning Analytics Dashboard","Visualizations and Dashboards for Learning Analytics","","","","10.1007/978-3-030-81222-5_13","Gökhan AkçapınarMohammad Nehal Hasnine","2021","http://link.springer.com/chapter/10.1007/978-3-030-81222-5_13","Chapter"
"Performance Dashboards for Project Management","Advances in Data Science, Cyber Security and IT Applications","","","","10.1007/978-3-030-36368-0_19","Samiha BrahimiAseel AljulaudAnwar AlsaiahNorah AlGuraibiMariam AlrubeiHaneen Aljamaan","2019","http://link.springer.com/chapter/10.1007/978-3-030-36368-0_19","Chapter"
"Developing a More Responsive Radiology Resident Dashboard","Journal of Digital Imaging","","32","1","10.1007/s10278-018-0123-6","Hongyu ChenVineeth GangaramGeorge Shih","2019","http://link.springer.com/article/10.1007/s10278-018-0123-6","Article"
"An updated dashboard of complete search FSM implementations in centralized graph transaction databases","Journal of Intelligent Information Systems","","55","1","10.1007/s10844-019-00579-4","Rihab AyedMohand-Saïd HacidRafiqul HaqueAbderrazak Jemai","2020","http://link.springer.com/article/10.1007/s10844-019-00579-4","Article"
"The OpenAIRE Research Community Dashboard: On Blending Scientific Workflows and Scientific Publishing","Digital Libraries for Open Knowledge","","","","10.1007/978-3-030-30760-8_5","Miriam BaglioniAlessia BardiArgiro KokogiannakiPaolo ManghiKaterina IatropoulouPedro PrincipeAndré VieiraLars Holm NielsenHarry DimitropoulosIoannis FoufoulasNatalia ManolaClaudio AtzoriSandro La BruzzoEmma LazzeriMichele ArtiniMichele De Bonis","2019","http://link.springer.com/chapter/10.1007/978-3-030-30760-8_5","Chapter"
"LOBD: Linked Data Dashboard for Marine Biodiversity","Cloud Computing, Big Data & Emerging Topics","","","","10.1007/978-3-030-84825-5_11","Marcos ZárateCarlos Buckle","2021","http://link.springer.com/chapter/10.1007/978-3-030-84825-5_11","Chapter"
"The Live Dashboard","Project Reliability Engineering","","","","10.1007/978-1-4842-5019-8_3","Eyal Shahar","2019","http://link.springer.com/chapter/10.1007/978-1-4842-5019-8_3","Chapter"
"Interactive and Explainable Advising Dashboard Opens the Black Box of Student Success Prediction","Technology-Enhanced Learning for a Free, Safe, and Sustainable World","","","","10.1007/978-3-030-86436-1_5","Hanne ScheersTinne De Laet","2021","http://link.springer.com/chapter/10.1007/978-3-030-86436-1_5","Chapter"
"OpenLAIR an Open Learning Analytics Indicator Repository Dashboard","Addressing Global Challenges and Quality Education","","","","10.1007/978-3-030-57717-9_46","Atezaz AhmadJan SchneiderHendrik Drachsler","2020","http://link.springer.com/chapter/10.1007/978-3-030-57717-9_46","Chapter"
"Optimization of infliximab therapy in inflammatory bowel disease using a dashboard approach—an Indian experience","European Journal of Clinical Pharmacology","","77","1","10.1007/s00228-020-02975-0","Mihika B. DaveAlpa J. DheraiDevendra C. DesaiDiane R. MouldTester F. Ashavaid","2021","http://link.springer.com/article/10.1007/s00228-020-02975-0","Article"
"Making an Internal Dashboard for the Company","Practical Django 2 and Channels 2","","","","10.1007/978-1-4842-4099-1_7","Federico Marani","2019","http://link.springer.com/chapter/10.1007/978-1-4842-4099-1_7","Chapter"
"Redesign and Assessment of Two Passenger Car Dashboard Warning Icons in India","Advanced Manufacturing Systems and Innovative Product Design","","","","10.1007/978-981-15-9853-1_25","Sourav BhattacharyaDhananjay Singh Bisht","2021","http://link.springer.com/chapter/10.1007/978-981-15-9853-1_25","Chapter"
"A Cloud-Based Dashboard for Time Series Analysis on Hot Topics from Social Media","Advances in Natural Computation, Fuzzy Systems and Knowledge Discovery","","","","10.1007/978-3-030-32591-6_36","Yunkai LiuWeifeng Xu","2020","http://link.springer.com/chapter/10.1007/978-3-030-32591-6_36","Chapter"
"Learning Analytics Data Flow and Visualizing for Ubiquitous Learning Logs in LMS and Learning Analytics Dashboard","Distributed, Ambient and Pervasive Interactions","","","","10.1007/978-3-030-50344-4_39","Songran LiuKousuke MouriHiroaki Ogata","2020","http://link.springer.com/chapter/10.1007/978-3-030-50344-4_39","Chapter"
"Design Space for S3D Dashboards","S3D Dashboard","","","","10.1007/978-3-658-35147-2_5","Florian Weidner","2021","http://link.springer.com/chapter/10.1007/978-3-658-35147-2_5","Chapter"
"Web-Based Dashboard for the Interactive Visualization and Analysis of National Risk-Standardized Mortality Rates of Sepsis in the US","Journal of Medical Systems","","44","2","10.1007/s10916-019-1509-9","Meng-Tse LeeFong-Ci LinSzu-Ta ChenWan-Ting HsuSamuel LinTzer-Shyong ChenFeipei LaiChien-Chang Lee","2020","http://link.springer.com/article/10.1007/s10916-019-1509-9","Article"
"To Boldly Show What No One Has Seen Before: A Dashboard for Visualizing Multi-objective Landscapes","Evolutionary Multi-Criterion Optimization","","","","10.1007/978-3-030-72062-9_50","Lennart SchäpermeierChristian GrimmePascal Kerschke","2021","http://link.springer.com/chapter/10.1007/978-3-030-72062-9_50","Chapter"
"Balanced Scorecard Quality Information Dashboards Model for Competitive Business Advantage","Advances in Intelligent Informatics, Smart Technology and Natural Language Processing","","","","10.1007/978-3-319-94703-7_15","Wiwit SuksangaramKritchana WongratSopaporn Klamsakul","2019","http://link.springer.com/chapter/10.1007/978-3-319-94703-7_15","Chapter"
"Updating the Dashboard Sidebar Navigation","Practical Enterprise React","","","","10.1007/978-1-4842-6975-6_14","Devlin Basilan DuldulaoRuby Jane Leyva Cabagnot","2021","http://link.springer.com/chapter/10.1007/978-1-4842-6975-6_14","Chapter"
"Dashboards","Tableau for Business Users","","","","10.1007/978-1-4842-7786-7_8","Shankar Arul","2022","http://link.springer.com/chapter/10.1007/978-1-4842-7786-7_8","Chapter"
"Shiny R Dashboards","Learn RStudio IDE","","","","10.1007/978-1-4842-4511-8_9","Matthew Campbell","2019","http://link.springer.com/chapter/10.1007/978-1-4842-4511-8_9","Chapter"
"Neural Association with Multi Access Forensic Dashboard as Service (NAMAFDS)","New Trends in Computational Vision and Bio-inspired Computing","","","","10.1007/978-3-030-41862-5_107","T. Manikanta VitalV. LavanyaP. Savaridassan","2020","http://link.springer.com/chapter/10.1007/978-3-030-41862-5_107","Chapter"
"Dashboardconsulting im Gesundheitswesen – Digitalisierungsoptionen und Anwendungsfelder","Consulting im Gesundheitswesen","","","","10.1007/978-3-658-25479-7_1","Thorsten KnapePeter HufnaglChristoph Rasche","2020","http://link.springer.com/chapter/10.1007/978-3-658-25479-7_1","Chapter"
"Integrating a Learning Analytics Dashboard in an Online Educational Game","Data Analytics Approaches in Educational Games and Gamification Systems","","","","10.1007/978-981-32-9335-9_7","J. X. SeatonMaiga ChangSabine Graf","2019","http://link.springer.com/chapter/10.1007/978-981-32-9335-9_7","Chapter"
"Waste Management System: Approach with IoT, Prediction, and Dashboard","Evolution in Computational Intelligence","","","","10.1007/978-981-15-5788-0_37","Viswanadhapalli BhanujaRamai VarangaonkarYashveer GirdharKumar Kannan","2021","http://link.springer.com/chapter/10.1007/978-981-15-5788-0_37","Chapter"
"Git4School: A Dashboard for Supporting Teacher Interventions in Software Engineering Courses","Addressing Global Challenges and Quality Education","","","","10.1007/978-3-030-57717-9_33","Jean-Baptiste RacletFranck Silvestre","2020","http://link.springer.com/chapter/10.1007/978-3-030-57717-9_33","Chapter"
"From Data Dashboards to Human Hearts","The Palgrave Handbook of Global Perspectives on Emotional Labor in Public Service","","","","10.1007/978-3-030-24823-9_22","Sharon H. MastracciMary E. Guy","2019","http://link.springer.com/chapter/10.1007/978-3-030-24823-9_22","Chapter"
"Von Dashboards zu Dashboarding","Controlling & Management Review","","65","4","10.1007/s12176-021-0388-3","Marc FeldmannRobert Weller","2021","http://link.springer.com/article/10.1007/s12176-021-0388-3","Article"
"Analytical Dashboards of Civil Protection Occurrences in Portugal","Advanced Research in Technologies, Information, Innovation and Sustainability","","","","10.1007/978-3-030-90241-4_26","Francisco BarrosFilipe Portela","2021","http://link.springer.com/chapter/10.1007/978-3-030-90241-4_26","Chapter"
"Performance Dashboards als Steuerungsinstrument","Controlling & Management Review","","65","4","10.1007/s12176-021-0384-7","Robert ZurawskiAxel Neumann-GiesenAndreas Rauh","2021","http://link.springer.com/article/10.1007/s12176-021-0384-7","Article"
"A dashboard for monitoring preventive measures in response to COVID-19 outbreak in the Democratic Republic of Congo","Tropical Medicine and Health","","48","1","10.1186/s41182-020-00262-3","Patient Mijiriro WimbaJacques-Aimé BazebosoPhilippe Bianga KatchungaLéon TshiloloBenjamin Longo-MbenzaMuriel RabilloudPhilippe VanhemsJean IwazJean-François ÉtardRené Écochard","2020","http://link.springer.com/article/10.1186/s41182-020-00262-3","Article"
"Importance of dashboard camera (Dash Cam) analysis in fatal vehicle–pedestrian crash reconstruction","Forensic Science, Medicine and Pathology","","17","3","10.1007/s12024-021-00382-0","Elena GiovanniniArianna GiorgettiGuido PellettiAlessio GiustiMarco GaragnaniJennifer Paola PascaliSusi PelottiPaolo Fais","2021","http://link.springer.com/article/10.1007/s12024-021-00382-0","Article"
"Dashboard Styling","Pro Power BI Theme Creation","","","","10.1007/978-1-4842-7068-4_12","Adam Aspin","2021","http://link.springer.com/chapter/10.1007/978-1-4842-7068-4_12","Chapter"
"An Intelligent Tutoring System and Teacher Dashboard to Support Mathematizing During Science Inquiry","Artificial Intelligence in Education","","","","10.1007/978-3-030-23207-8_61","Rachel Dickler","2019","http://link.springer.com/chapter/10.1007/978-3-030-23207-8_61","Chapter"